<?xml version='1.0' encoding='utf-8' standalone='yes' ?>
<map>
    <boolean name="enable_training_cache_metrics_processors" value="false" />
    <long name="enabled_keyboard_behavior_experiments" value="0" />
    <boolean name="enable_triggering_model" value="true" />
    <boolean name="unload_user_history_on_device_locked" value="false" />
    <string name="app_completion_commit_completion_whitelist">com.google.android.apps.maps*,com.google.android.apps.gmm*,com.google.android.googlequicksearchbox*,com.google.android.apps.nexuslauncher*</string>
    <boolean name="tiresias_enable_gif_logging" value="false" />
    <boolean name="enable_device_intelligence_source_platform" value="true" />
    <long name="crank_engine_timeout_millis" value="20" />
    <long name="repeat_key_max_time_delta" value="5000" />
    <boolean name="enable_sticker_candidates" value="true" />
    <boolean name="concept_prediction_sample_emoji_by_popularity" value="true" />
    <boolean name="enable_emoji_handwriting_deprecation_notice" value="true" />
    <long name="c2q_superpacks_manifest_version_ms" value="4" />
    <string name="speech_ondevice_locales">en-US</string>
    <float name="disable_ac_edit_distance_slope" value="0.0" />
    <boolean name="federatedc2q_inference_enabled" value="false" />
    <long name="max_chinese_context_length" value="5" />
    <long name="contextual_rate_us_max_allowable_times" value="1" />
    <boolean name="enable_next_generation_hwr_support" value="true" />
    <string name="c2q_superpacks_manifest_url_ja"></string>
    <float name="normal_keyboard_bottom_inch" value="0.0" />
    <float name="nwp_threshold_for_three_or_more_words_completions" value="-1.1" />
    <string name="enable_tenor_trending_term_v2_for_language_tags"></string>
    <long name="keycenter_offset_mode" value="0" />
    <boolean name="enable_multiword_suggestions_from_crank_cifg" value="false" />
    <boolean name="native_language_hint_show_overlay" value="false" />
    <long name="mwp_manifest_version" value="20200424" />
    <long name="training_cache_max_ttl_days" value="63" />
    <boolean name="enable_menes_trainer" value="false" />
    <boolean name="enable_multilang_next_word_prediction" value="true" />
    <string name="maestro_app_whitelist">com.whatsapp,com.facebook.orca</string>
    <boolean name="enable_handle_emoticon_for_expression_candidates" value="false" />
    <boolean name="enable_switch_to_other_ime" value="false" />
    <long name="tiresias_touch_data_batch_size" value="1" />
    <string name="c2q_superpacks_manifest_url_it">https://www.gstatic.com/android/keyboard/conv2query/Z/it/no-web-search/superpacks_manifest_it.zip</string>
    <string name="federatedc2q_search_lm_corpus_tag"></string>
    <long name="min_words_predicted" value="1" />
    <boolean name="use_soda_jni_lib" value="true" />
    <boolean name="ja_disable_toggle_on_digit_keyboard" value="true" />
    <float name="nwp_threshold_for_two_words_completions" value="-1.3" />
    <float name="angle_diff" value="0.5" />
    <boolean name="enable_lang_id" value="false" />
    <boolean name="enable_multiword_predictions_as_inline_from_crank_transformer" value="false" />
    <float name="nwp_threshold_for_two_words_predictions" value="-1.4" />
    <boolean name="force_small_language_pack_download" value="false" />
    <boolean name="tiresias_training_requires_idle" value="true" />
    <boolean name="debug_service_enable_training_cache" value="false" />
    <boolean name="conv2query_extension_enabled" value="true" />
    <string name="emotion_model_enabled_locales">en</string>
    <long name="default_profiling_freq_ms" value="0" />
    <boolean name="enable_literal_hypotheses_protection" value="true" />
    <float name="gesture_key_error_sigma" value="0.0" />
    <string name="__bytes__fst_model_params_overrides"></string>
    <float name="dominate_threshold_for_single_word_completions" value="-0.69315" />
    <string name="c2q_superpacks_manifest_url_fr">https://www.gstatic.com/android/keyboard/conv2query/Z/fr/no-web-search/superpacks_manifest_fr.zip</string>
    <boolean name="concept_prediction_skip_decoder_emojis" value="false" />
    <boolean name="contextual_appindexing_context_enabled" value="false" />
    <boolean name="require_device_charging_for_content_cache_download" value="true" />
    <boolean name="skip_gesture_last_frame" value="false" />
    <boolean name="enable_theme_listing_default_theme" value="false" />
    <boolean name="enable_conv2expression_candidates" value="true" />
    <boolean name="enable_m2_search_box_trending_search_chips" value="false" />
    <boolean name="tv_new_abc_layout_study_enabled" value="false" />
    <boolean name="enable_mic_open_after_s3_connection" value="true" />
    <boolean name="enable_new_arabic_script_languages_handwriting_layouts" value="false" />
    <boolean name="enable_multiword_predictions_as_inline_from_crank_cifg" value="false" />
    <long name="training_process_termination_strategy" value="0" />
    <string name="tiresias_lm_personalization_supported_model_names"></string>
    <string name="delight_metadata_uri">https://www.gstatic.com/android/keyboard/dictionarypack/latest/metadata_beta_xs1GeWbGd4f75FQR.json</string>
    <float name="dominate_threshold_for_advantage_over_other_candidates" value="0.69315" />
    <string name="delight_apps_metadata_uri"></string>
    <boolean name="concept_prediction_skip_inference_when_hit_rule" value="false" />
    <string name="speech_superpacks_manifest_url">https://dl.google.com/android/voice/gboard/en_us/ondevice_recognizer/superpacks-manifest-20191115.json</string>
    <boolean name="enable_tflite_triggering_model" value="false" />
    <boolean name="enable_tibetan_alphabetical_layout" value="true" />
    <long name="max_latin_in_t13n_multilingual" value="0" />
    <string name="enable_tenor_autocomplete_v2_for_language_tags">*</string>
    <string name="fast_access_bar_package_name_emojis_map">{}</string>
    <float name="literal_start_penalty_relative_min" value="0.5" />
    <string name="expressive_concept_triggering_superpacks_manifest_url">https://www.gstatic.com/android/keyboard/modelpack/expressive_concepts_triggering/2020071922/superpacks_manifest.json</string>
    <long name="contextual_rate_us_max_allowable_attempts" value="5" />
    <long name="autocorrection_disabled_candidate_type_bitmask" value="8200" />
    <float name="multiword_threshold_for_three_words" value="0.8" />
    <boolean name="normalize_lm_score_for_nearby_key" value="false" />
    <boolean name="enable_sharing_link_receiver" value="true" />
    <long name="expressive_concept_emoji_predictor_max_num_words" value="50" />
    <string name="language_tags_excluded">en</string>
    <float name="disable_ac_edit_distance_offset" value="0.0" />
    <boolean name="disable_object_store_cleanup" value="false" />
    <boolean name="no_draw_before_ready" value="false" />
    <string name="dynamic_rate_limit_interaction_strategy">RESET</string>
    <string name="fast_access_bar_app_whitelist">com.whatsapp,com.facebook.orca,com.facebook.katana,com.facebook.lite,com.android.mms,com.google.android.apps.messaging,com.google.android.youtube,com.snapchat.android,com.verizon.messaging.vzmsgs,com.viber.voip,org.telegram.messenger,com.google.android.gm,com.discord</string>
    <string name="tiresias_superpacks_manifest_url">https://www.gstatic.com/android/keyboard/tiresias/superpacks_manifest.20200618.json</string>
    <long name="kc_history_sample_size" value="15" />
    <boolean name="enable_handle_tenor_for_expression_candidates" value="true" />
    <boolean name="enable_settings_search" value="true" />
    <long name="c2q_superpacks_manifest_version_it" value="5" />
    <boolean name="ja_omit_support_label" value="true" />
    <long name="native_language_hint_show_search_notice_max_times" value="0" />
    <boolean name="superpacks_enable_history_trace" value="false" />
    <boolean name="enable_auto_float_keyboard_in_freeform" value="true" />
    <boolean name="emoji_keyboard_prewarm_enabled" value="false" />
    <boolean name="enable_simplified_ranking" value="false" />
    <long name="expressive_concept_superpacks_manifest_version" value="2020031023" />
    <boolean name="enable_language_specific_emoji_suggestion_lookups" value="false" />
    <string name="delete_character_on_content_suggestion_interaction_app_restriction">-</string>
    <boolean name="enable_new_devanagari_script_languages_handwriting_layouts" value="false" />
    <float name="literal_start_penalty_revert_relative_step" value="0.02" />
    <long name="lang_id_manifest_version" value="20191018" />
    <long name="c2q_superpacks_manifest_version_ja" value="0" />
    <string name="curated_gif_urls">https://media.tenor.com/images/eb707bb9c16cce278309b806437de097/tenor.gif,https://media.tenor.com/images/4d4e4d1d9fe35976feea61832ba366a6/tenor.gif,https://media.tenor.com/images/bb3c1585388c76140a56243ad58516e3/tenor.gif,https://media.tenor.com/images/8cf38543eebff103df6f1ec2730a5bde/tenor.gif,https://media.tenor.com/images/f2dcaaffe29ac111df8e333221ee231b/tenor.gif,https://media.tenor.com/images/a46fb163eedac8b73fd5b37522bb6454/raw,https://media.tenor.com/images/d7e9839f7816f2e7e00833d3878c8ae6/tenor.gif,https://media.tenor.com/images/890a0f650405054b82510c83b11a4be4/tenor.gif,https://media.tenor.com/images/a625312efec75d0487d2d9cbaa44a316/tenor.gif,https://media.tenor.com/images/323334b2a3d448b296bb813b25c12b96/tenor.gif,https://media.tenor.com/images/b23770782dd10e41d1efb2547ed4b106/tenor.gif,https://media.tenor.com/images/3579c2ea87dab612331fe6642cf72bc5/tenor.gif,https://media.tenor.com/images/053f4becdb91f78b78ef1f420686f971/tenor.gif,https://media.tenor.com/images/f5fafa9023d2ca0242e565cca321575a/tenor.gif,https://media.tenor.com/images/e3067445e4adae8bbf4eebf5c5e70582/tenor.gif,https://media.tenor.com/images/e1568d1a9cd6112b64757319c8130b67/tenor.gif,https://media.tenor.com/images/72d6a1ee3601e07ac0e0f6e446fb1070/tenor.gif,https://media.tenor.com/images/9f325db2402a93c645f802811a17e04d/tenor.gif,https://media.tenor.com/images/bd1569bb2d1a85780cfd2386d5333072/tenor.gif</string>
    <string name="fast_access_bar_enabled_keyboard_types">prime,digit,symbol,alphabet_qwerty,alphabet_12keys,tri_state_digit,clipboard,text_editing</string>
    <string name="crank_cifg_multiword_candidate_language_tags">en-US</string>
    <string name="federatedc2q_brella_in_app_training_population"></string>
    <boolean name="enable_delight5_abort_composing_fix" value="false" />
    <boolean name="enable_input_process" value="true" />
    <string name="enable_tenor_trending_search_term_for_language_tags">en</string>
    <string name="speech_superpacks_small_lps_manifest_url">https://dl.google.com/android/voice/gboard/terse/superpacks-manifest-20191212.json</string>
    <boolean name="enable_inline_suggestions_on_decoder_side" value="false" />
    <boolean name="enable_proactive_gif_categories_with_icon" value="false" />
    <string name="c2q_superpacks_manifest_url_en">https://www.gstatic.com/android/keyboard/conv2query/Z/en/no-web-search/superpacks_manifest_en.zip</string>
    <boolean name="less_input_connection_calls_14" value="true" />
    <boolean name="enable_soda_fallback_ondevice_recognizer" value="true" />
    <float name="min_lm_score_for_best_key_consideration" value="0.05" />
    <long name="screen_reader_min_version_for_lift_to_type" value="0" />
    <boolean name="enable_short_content_suggestion_strip" value="true" />
    <string name="access_points_order">search;sticker;gif_search;clipboard;settings;theme_setting;one_handed;textediting;share;translate;floating_keyboard</string>
    <string name="federatedc2q_corpus_tag"></string>
    <boolean name="enable_voice_promo" value="false" />
    <string name="c2q_superpacks_manifest_url_es">https://www.gstatic.com/android/keyboard/conv2query/Z/es/no-web-search/superpacks_manifest_es.zip</string>
    <string name="content_cache_superpacks_manifest_url">https://www.gstatic.com/android/keyboard/modelpack/contentcache/202007201258/superpacks_manifest.json</string>
    <boolean name="enable_emoji_frequent_recent_switch_option" value="false" />
    <string name="trainer_registration_superpacks_manifest_url"></string>
    <long name="c2q_superpacks_manifest_version_fr" value="5" />
    <boolean name="enable_contextual_emoji_suggestion" value="false" />
    <boolean name="enable_clipboard_opt_in_v2" value="true" />
    <long name="min_oov_candidate_frequency" value="0" />
    <long name="search_hint_start_delay_hours" value="168" />
    <boolean name="enable_rule_based_concept_prediction" value="true" />
    <boolean name="enable_single_word_predictions_as_inline_from_crank_transformer" value="false" />
    <boolean name="enable_keyboard_redesign" value="false" />
    <string name="sticker_pack_similarity_superpacks_manifest_url"></string>
    <string name="__bytes__expressive_stickers_market_config">IgxwYWNrcy83MzA3MDMiDHBhY2tzLzEwMDAwMSIMcGFja3MvNzMwNzAyIghwYWNrcy8xMCIMcGFj&#10;a3MvNDI5Njk5MgxwYWNrcy80Mjk2OTkyDHBhY2tzLzg4MDgwMzIMcGFja3MvNzk5MDIwMgxwYWNr&#10;cy83MzA3MDIyDHBhY2tzLzczMDcwNDIMcGFja3MvNzk5MDMwMgxwYWNrcy84ODAyMDAyDHBhY2tz&#10;Lzg4MDE5ODIMcGFja3MvODgwODEwMgxwYWNrcy84ODA4MDQyDHBhY2tzLzEwMDAwMjIMcGFja3Mv&#10;MTAwMDAxMgxwYWNrcy84ODA4MDEyDHBhY2tzLzg4MDgwMjIMcGFja3MvOTk5MDEwMgxwYWNrcy83&#10;MzA3MDMyDHBhY2tzLzg4MDgwNTIMcGFja3MvODgwODA2MgxwYWNrcy84ODA4MDgyDHBhY2tzLzg4&#10;MDgwOTIMcGFja3MvODgwODA3MgxwYWNrcy83ODkwMDUyDHBhY2tzLzc4OTAwNDIMcGFja3MvNzg5&#10;MDAyMgxwYWNrcy83ODkwMDMyDHBhY2tzLzg4MDUwMjIMcGFja3MvODgwNTAxMgdwYWNrcy84Mgxw&#10;YWNrcy84ODAxOTQyDHBhY2tzLzc3NzY2NjIHcGFja3MvNjIHcGFja3MvMTIHcGFja3MvMjIHcGFj&#10;a3MvNDIIcGFja3MvMTMyCHBhY2tzLzE0MghwYWNrcy8xNTIIcGFja3MvMTYyDHBhY2tzLzg4MDMw&#10;ODIMcGFja3MvODgwMTk2MgxwYWNrcy84ODAzMDkyDHBhY2tzLzc5MjAxMDIIcGFja3MvMTgyCHBh&#10;Y2tzLzE5MghwYWNrcy8yMDIIcGFja3MvMjEyDHBhY2tzLzU0NzYxODIMcGFja3MvNjAxOTQzMgxw&#10;YWNrcy82MTM0NjgyDHBhY2tzLzc5OTAxMDIMcGFja3MvODgwNjAxMgxwYWNrcy84ODAxOTEyDHBh&#10;Y2tzLzg4MDE5MjIMcGFja3MvODgwMTk5MgxwYWNrcy84ODAxOTMyDHBhY2tzLzg4MDE5NTIMcGFj&#10;a3MvODgwMTk3MgxwYWNrcy84ODAzMDEyDHBhY2tzLzg4MDMwMjIMcGFja3MvODgwMzAzMgxwYWNr&#10;cy84ODAzMDQyDHBhY2tzLzg4MDMwNTIMcGFja3MvODgwMzA3MghwYWNrcy8xMjIMcGFja3MvODgw&#10;NDAxMghwYWNrcy8xNzIMcGFja3MvODgwMjAyMgdwYWNrcy81MgdwYWNrcy8zMgdwYWNrcy85Mgxw&#10;YWNrcy84MDYyNTgyCHBhY2tzLzIyMghwYWNrcy8xMDIHcGFja3MvNzIMcGFja3MvOTQ3OTkxMgxw&#10;YWNrcy83OTMwMTAyDHBhY2tzLzc5MzAyMDIMcGFja3MvNzkzMDMwMgxwYWNrcy83OTQwMTAyDHBh&#10;Y2tzLzc5NDAyMDIMcGFja3MvNzk0MDMwMgxwYWNrcy83OTEwMTAyDHBhY2tzLzc5MTAyMDIMcGFj&#10;a3MvNzkxMDMwMgxwYWNrcy83Nzc4MTAyDHBhY2tzLzc3NzgyMDIMcGFja3MvNzc3ODMwMgxwYWNr&#10;cy83Nzc4NDAyDHBhY2tzLzc3Nzg1MDIMcGFja3MvNzk1MDEwMgxwYWNrcy83ODkwMDYyDHBhY2tz&#10;Lzc3NzcwMTIMcGFja3MvNzc3NzAyMgxwYWNrcy83Nzc3MDMyDHBhY2tzLzc3NzcwNDIMcGFja3Mv&#10;Nzc3NzA1MgxwYWNrcy83MzAyNjUyDHBhY2tzLzczMDcwMTIMcGFja3MvNzMwNTAxMgxwYWNrcy83&#10;MzAyNjIyDHBhY2tzLzczMDI1NTIMcGFja3MvNzMwMjUxMgxwYWNrcy83MzAyNTYyDHBhY2tzLzM2&#10;ODQ3NTIMcGFja3MvNzMwMjU0MgxwYWNrcy83MzAyNTkyDHBhY2tzLzczMDI1ODIMcGFja3MvMzY4&#10;NDczMgxwYWNrcy8zNjg0NzQyDHBhY2tzLzM2ODQ3MTIMcGFja3MvNzMwMjUzMgxwYWNrcy83MzAy&#10;NjEyDHBhY2tzLzc5OTA1MDIMcGFja3MvNzk5MDYwMgxwYWNrcy83OTkwNzAyCHBhY2tzLzI0Mghw&#10;YWNrcy8yNTIIcGFja3MvMjkyDHBhY2tzLzIwMDAwMjIMcGFja3MvMjAwMDAzMgxwYWNrcy82MDAy&#10;MDEyDHBhY2tzLzYwMDIwMjIMcGFja3MvNzk2MDEwMgxwYWNrcy83OTYwMjAyDHBhY2tzLzIwMDAw&#10;MTIMcGFja3MvMjAwMDA1MgxwYWNrcy82MDAzMDMyDHBhY2tzLzYwMDMwMjIMcGFja3MvNjAwMzAx&#10;MgxwYWNrcy82MDAzMDYyCHBhY2tzLzIzMgxwYWNrcy8yMDAwMDQyCHBhY2tzLzI3MghwYWNrcy8z&#10;MDIMcGFja3MvNjAwMTAxMgxwYWNrcy82MDAxMDMyDHBhY2tzLzYwMDEwMjIIcGFja3MvMjYyCHBh&#10;Y2tzLzMxMghwYWNrcy8yODIMcGFja3MvNzg5MDAxMgxwYWNrcy85NDY5OTMyDHBhY2tzLzk0Njk5&#10;NTIMcGFja3MvOTQ3OTkwMgxwYWNrcy85NDkxMDMyDHBhY2tzLzk0OTEwNDIMcGFja3MvOTQ5MTA1&#10;MgxwYWNrcy85NDkxMDYyDHBhY2tzLzk0OTExMDIMcGFja3MvOTQ5MTAyMgxwYWNrcy85NDgwMDQy&#10;DHBhY2tzLzk0ODAwMjIMcGFja3MvOTQ2OTkyMgxwYWNrcy85NDkxMDkyDHBhY2tzLzk0OTEwODIM&#10;cGFja3MvOTQ4MDAxMgxwYWNrcy85NDkxMDcyDHBhY2tzLzk0Njk5MDIMcGFja3MvOTQ4MDAzMgxw&#10;YWNrcy85NDkwMDEyDHBhY2tzLzk0Njk5MTIMcGFja3MvOTQ2OTk0MgxwYWNrcy85NDkxMDEyDHBh&#10;Y2tzLzk0OTAwMjoXcGFja3MvODgwODAzL3N0aWNrZXJzLzk6F3BhY2tzLzg4MDgwMi9zdGlja2Vy&#10;cy85OhdwYWNrcy84ODA4MDQvc3RpY2tlcnMvNzoYcGFja3MvODgwODEwL3N0aWNrZXJzLzE4Ohhw&#10;YWNrcy84ODA4MDcvc3RpY2tlcnMvMTE6GHBhY2tzLzg4MDgwOC9zdGlja2Vycy8xMToYcGFja3Mv&#10;ODgwODA0L3N0aWNrZXJzLzE1OhhwYWNrcy84ODA4MDMvc3RpY2tlcnMvMjA6GHBhY2tzLzg4MDgx&#10;MC9zdGlja2Vycy8xNDoYcGFja3MvODgwODA4L3N0aWNrZXJzLzEyOhdwYWNrcy84ODA4MDkvc3Rp&#10;Y2tlcnMvNDoXcGFja3MvODgwODA5L3N0aWNrZXJzLzY=&#10;    </string>
    <boolean name="enable_expressive_concept_model" value="true" />
    <boolean name="enable_universal_media_more_emoji_btn" value="false" />
    <boolean name="enable_key_center_bounding_box" value="false" />
    <boolean name="enable_mwp_tflite_engine" value="false" />
    <float name="kc_keycenter_offset_weight" value="0.5" />
    <boolean name="enable_kazakh_pc_layout" value="false" />
    <boolean name="disable_nwp_engine_and_expression_in_search_field" value="false" />
    <boolean name="enable_voice_in_japanese" value="true" />
    <long name="emoji_predictor_min_supported_version" value="20190717" />
    <boolean name="enable_contextual_bitmoji_categories" value="false" />
    <float name="nwp_threshold_for_three_or_more_words_predictions" value="-1.25" />
    <boolean name="enable_lens" value="false" />
    <string name="c2q_superpacks_manifest_url_de">https://www.gstatic.com/android/keyboard/conv2query/Z/de/no-web-search/superpacks_manifest_de.zip</string>
    <float name="tap_keycenter_offset_weight" value="0.0" />
    <long name="lens_minimum_agsa_version_code" value="301092060" />
    <boolean name="enable_shared_multilingual_user_history_lm" value="false" />
    <string name="__bytes__slowness_detect_strategy">Cg8I6AcQZBjoByCsAigyMGQQoAsYAw==&#10;    </string>
    <float name="kc_keycenter_variance_weight" value="0.0" />
    <boolean name="disable_ac_after_apply_combination_rule" value="true" />
    <boolean name="dlam_ignore_training_threshold" value="false" />
    <boolean name="enable_magic_g_rate_limit" value="true" />
    <long name="unified_ime_timeout" value="10000" />
    <boolean name="enable_joystick_delete" value="false" />
    <boolean name="lstm_training_federation_enabled" value="false" />
    <boolean name="enable_expressive_concept_triggering_engine" value="true" />
    <boolean name="supports_battery_saver_theme" value="false" />
    <boolean name="enable_feature_cards" value="false" />
    <float name="sticker_pack_recommendations_favorited_packs_decay" value="0.8" />
    <long name="branding_fadeout_delay_ms" value="900" />
    <boolean name="enable_browse_featured_pack" value="false" />
    <boolean name="enable_clipboard_auto_paste_suggestion" value="true" />
    <string name="auto_start_voice_app_whitelist">com.google.android.apps.inputmethod.inputboxes</string>
    <boolean name="enable_magic_g" value="false" />
    <float name="gesture_first_key_align_score_scale" value="1.5" />
    <long name="core_typing_experience_indicator_completion_delayed_millis" value="500" />
    <boolean name="enable_dynamic_candidate_partitioning" value="false" />
    <boolean name="tiresias_brella_enabled" value="false" />
    <boolean name="fast_access_bar_enable_variants_popup_view" value="true" />
    <long name="concept_prediction_num_query_predictions" value="2" />
    <string name="enable_magic_g_locales">de,en,es,fr,it,ms,pt,ta</string>
    <boolean name="log_all_sticker_shares_to_training_cache" value="true" />
    <long name="c2q_superpacks_manifest_version_zh_cn" value="0" />
    <string name="lang_id_superpacks_manifest_uri">https://www.gstatic.com/android/keyboard/langid/20191018/superpacks_manifest.json</string>
    <string name="enable_autocorrection_adaptation_locales">*</string>
    <boolean name="primes_dir_stats_logging_enabled" value="false" />
    <string name="c2q_superpacks_manifest_url_pt">https://www.gstatic.com/android/keyboard/conv2query/V/pt/glowglist-no-web-search/superpacks_manifest_pt.zip</string>
    <boolean name="training_cache_storage_no_buffer_for_testing" value="false" />
    <string name="federatedc2q_shared_urls_corpus_tag"></string>
    <boolean name="use_sanbox_s3_server" value="false" />
    <long name="num_of_first_key_correction_predictions" value="0" />
    <string name="tenor_content_filter_level_for_proactive_surfaces">high</string>
    <boolean name="use_ogg_opus_encoder" value="false" />
    <boolean name="enable_training_process_termination" value="false" />
    <string name="c2q_superpacks_manifest_url_zh_tw"></string>
    <boolean name="enable_multiword_suggestions_as_inline_from_crank_transformer" value="false" />
    <string name="enabled_sticker_search_locales">ar,de,en,es,fr,hi-IN,hi-Latn,id,it,ja,ko,nl,pl,pt,ru,th,tr,zh-CN,zh-HK,zh-TW</string>
    <float name="key_gaussian_width_multiplier_for_spacebar" value="-1.0" />
    <boolean name="enable_emoji_variant_mapping_for_emoji_candidates" value="false" />
    <long name="nwp_manifest_version" value="20190717" />
    <float name="key_center_offset_scale" value="0.0" />
    <boolean name="use_keyboard_redesign_theme_by_default" value="false" />
    <boolean name="enable_tenor_sticker_search" value="true" />
    <boolean name="enable_promotion_of_multi_term_matches_in_emoji_search" value="true" />
    <boolean name="show_branding_on_space" value="false" />
    <boolean name="require_device_idle_for_content_cache_download" value="false" />
    <boolean name="set_gif_proactive_categories_bold" value="false" />
    <long name="min_cooldown_added_feature_header_pack_millis" value="0" />
    <boolean name="federatedc2q_brella_in_app_training_enabled" value="false" />
    <long name="emoji_predictor_manifest_version" value="20200212" />
    <string name="enable_tenor_autocomplete_for_language_tags"></string>
    <long name="stickers_new_release_badges_show_after_nth_open" value="0" />
    <boolean name="enable_triggering_model_for_spacebar" value="false" />
    <long name="mozc_superpacks_japanese_language_model_version" value="2019072201" />
    <long name="max_tolerated_webp_compress_native_crashes" value="-1" />
    <boolean name="enable_bitmoji_fetcher" value="true" />
    <string name="concept_prediction_supported_language_tags">en</string>
    <boolean name="enable_key_correction_for_key_up" value="false" />
    <boolean name="concept_prediction_enable_emoji_renderable_check" value="true" />
    <long name="candidate_merging_strategy" value="0" />
    <long name="contextual_rate_us_interval_rate_limit_days" value="30" />
    <string name="menes_trainer_population">bogusPopulation</string>
    <boolean name="enable_logging_agsa_search_queries_to_training_cache" value="false" />
    <string name="tenor_content_filter_level">medium</string>
    <float name="literal_start_penalty_relative_max" value="1.02" />
    <long name="key_correction_speed_limit_millis" value="250" />
    <long name="c2q_superpacks_manifest_version_ta" value="4" />
    <boolean name="enable_spell_check_red_underline" value="true" />
    <boolean name="enable_merged_key_gaussian_multiplier" value="false" />
    <boolean name="enable_expression_tall_view" value="true" />
    <long name="profiling_freq_ms_fetch_suggestions" value="0" />
    <string name="content_suggestion_language_tag_whitelist">*</string>
    <boolean name="force_speech_language_pack_updates" value="false" />
    <boolean name="log_all_gif_shares_to_training_cache" value="true" />
    <float name="multiword_prediction_cost" value="1.4" />
    <boolean name="enable_metrics_trainer" value="false" />
    <boolean name="enable_core_typing_experience_indicator_on_composing_text" value="false" />
    <boolean name="http_client_use_cronet" value="true" />
    <boolean name="dlam_multilang_users_only" value="false" />
    <boolean name="enable_ac_trigger_predictor_with_better_literal_candidate" value="false" />
    <boolean name="clean_up_omission_cost" value="false" />
    <boolean name="ignore_word_separators_for_prediction_context" value="false" />
    <string name="enable_tenor_category_for_language_tags">ar,de,en,es,fr,hi,hu,id,it,ja,ko,ms,nl,pt,ru,th,tr,vi,zh-CN,zh-TW</string>
    <long name="profiling_freq_ms_flush_personalized_data" value="0" />
    <boolean name="enable_sharing" value="true" />
    <long name="number_of_emoji_recents_to_cache_content_for" value="36" />
    <long name="native_language_hint_delay" value="3" />
    <boolean name="ondevice_dictation_performance_evaluation_enabled" value="false" />
    <string name="one_tap_rich_content_suggestion_query_blacklist"></string>
    <boolean name="enable_auto_float_keyboard_in_multi_window" value="false" />
    <boolean name="enable_nwp_tflite_engine" value="false" />
    <boolean name="enable_show_browse_tab_default_once" value="false" />
    <float name="multiword_threshold_for_two_words" value="1.0" />
    <boolean name="handwriting_superpacks_preloading_support" value="true" />
    <float name="diacritic_cost_single_letter" value="6.0" />
    <boolean name="randomize_order_of_content_suggestions_from_server" value="true" />
    <float name="normal_keyboard_bottom_gap_from_screen_inch" value="0.0" />
    <string name="enable_tenor_suggested_search_term_v2_for_language_tags"></string>
    <boolean name="enable_text_to_one_tap_expressions" value="false" />
    <long name="sticker_pack_recommendations_cache_seconds" value="0" />
    <string name="mwp_superpacks_manifest_uri">https://www.gstatic.com/android/keyboard/multi_word_predictor/superpacks-manifest-20200424_151816.json</string>
    <string name="emoji_predictor_superpacks_manifest_uri">https://www.gstatic.com/android/keyboard/emoji_predictor/superpacks-manifest-20200212.json</string>
    <float name="federatedc2q_inference_triggering_threshold" value="-3.5" />
    <string name="lm_redirect_rule"></string>
    <long name="core_typing_experience_indicator_delayed_millis" value="200" />
    <boolean name="enable_limit_keyboard_height" value="false" />
    <long name="emoji_key_ignore_time_interval" value="0" />
    <boolean name="disable_ac_without_literal_candidate" value="false" />
    <boolean name="kc_enable_touch_history" value="false" />
    <string name="c2q_superpacks_manifest_url_ms">https://www.gstatic.com/android/keyboard/conv2query/Z/ms/no-web-search/superpacks_manifest_ms.zip</string>
    <boolean name="debug_service_enable_latin_basic" value="false" />
    <boolean name="enable_handle_emoji_for_expression_candidates" value="false" />
    <boolean name="enable_link_suggestion_in_agsa" value="false" />
    <boolean name="show_clipboard_chip_after_clicked" value="true" />
    <string name="dynamic_rate_limit_scaling_strategy">EXPONENTIAL</string>
    <string name="expressive_stickers_grpc_hostname">sticker-pa.googleapis.com</string>
    <float name="glide_memory_cache_screens" value="0.6" />
    <long name="http_client_cache_expiration_time_in_seconds" value="86400" />
    <float name="threshold_for_single_word_predictions" value="-1.05" />
    <float name="extra_event_penalty" value="-2.0" />
    <boolean name="show_keyboard_header_for_proactive_suggestions" value="true" />
    <string name="avatar_stickers_metadata_version">00040801</string>
    <long name="non_literal_penalty_mode" value="0" />
    <boolean name="http_client_disable_cronet_grpc" value="false" />
    <boolean name="lstm_run_listeners_in_background" value="true" />
    <string name="content_suggestion_app_whitelist">-com.facebook.katana,-com.facebook.pages.app</string>
    <boolean name="handwriting_superpacks_enable_foreground_downloads" value="true" />
    <long name="delight_apps_metadata_version" value="-1" />
    <boolean name="enable_native_card_extension" value="false" />
    <long name="reduce_logging_max_candidates_to_log" value="5" />
    <boolean name="enable_nga" value="false" />
    <boolean name="enable_blacklist_for_sticker_pack_recommendation" value="false" />
    <float name="ranker_additional_weight_nwp_and_other" value="0.0" />
    <boolean name="prevent_lang_switch_if_committed_text_is_in_vocab" value="true" />
    <boolean name="enable_emoji_tall_view" value="true" />
    <string name="avatar_stickers_api_key">AIzaSyBeuEkY825uj8CHZSSO0NU6Kl67zjwHeyM</string>
    <boolean name="enable_fallback_ondevice_recognizer" value="true" />
    <boolean name="use_keyboard_locale" value="false" />
    <boolean name="enable_tapped_key_check_in_prediction_cache" value="false" />
    <boolean name="enable_mixed_spatial_model" value="true" />
    <boolean name="tiresias_log_training_context" value="true" />
    <boolean name="conv2query_network_status_check_enabled" value="true" />
    <boolean name="enable_sticker_pack_favorite_history_store" value="false" />
    <float name="finger_error_sigma" value="0.2" />
    <long name="nwp_num_beam_width" value="10" />
    <boolean name="enable_federated_learning_controls" value="true" />
    <boolean name="enable_large_emoji_suggestion" value="false" />
    <boolean name="enable_stack_trace_logging" value="false" />
    <boolean name="enable_fast_access_bar" value="true" />
    <boolean name="enable_image_copy" value="true" />
    <float name="key_gaussian_height_multiplier" value="0.3" />
    <string name="app_completion_attribution"></string>
    <string name="content_suggestion_tenor_collection_url_param">emoji_kitchen_v4_and_sticker_prediction_wordart</string>
    <string name="s3_langid_languages_list">af,ar,bg,ca,cs,da,de,el,en,es,eu,fa,fi,fr,gl,hi,hr,hu,in,is,it,iw,ja,ko,lt,ms,nb,nl,pl,pt,ro,ru,sk,sl,sr,sv,th,tl,tr,uk,vi,zh,zu</string>
    <boolean name="enable_single_word_suggestions_as_inline_from_crank_transformer" value="false" />
    <boolean name="http_client_cronet_disable_quic_for_grpc" value="false" />
    <long name="c2q_superpacks_manifest_version_pt" value="5" />
    <boolean name="force_autocorrection_in_agsa" value="false" />
    <boolean name="reject_nontrivial_postcorrections" value="true" />
    <long name="content_cache_superpacks_manifest_version" value="2020072012" />
    <string name="hmm_superpacks_manifest_url">https://www.gstatic.com/android/keyboard/hmmpack/2019053107/metadata_2019053107.json</string>
    <long name="max_feature_header_pack_impressions" value="0" />
    <boolean name="enable_inline_suggestions_on_client_side" value="false" />
    <boolean name="enable_emoji_predictor_tflite_engine" value="false" />
    <long name="fast_typing_interval" value="300" />
    <string name="key_correction_tflite_model_superpacks_manifest_url">https://www.gstatic.com/android/keyboard/kc_triggering_model/superpacks-manifest-20200710_113643.json</string>
    <boolean name="spellchecker_always_show_suggestions" value="false" />
    <long name="c2q_pill_popup_rate_limit_ms" value="1000" />
    <boolean name="enable_multiword_predictions_from_crank_transformer" value="false" />
    <boolean name="enable_zawgyi_style_layout" value="false" />
    <long name="show_branding_interval_seconds" value="86400000" />
    <boolean name="expression_disabled_when_emoji_kb_disallowed" value="true" />
    <boolean name="native_language_hint_show_search_overlay" value="false" />
    <float name="skip_corner_score" value="0.0" />
    <float name="mwp_threshold_score" value="0.68" />
    <long name="emoji_superpacks_manifest_version" value="20190807" />
    <boolean name="lstm_include_language_tag_by_langid" value="false" />
    <boolean name="enable_contextual_suggestions_in_gif_recent_tab" value="false" />
    <boolean name="enable_expression_candidate_precaching_for_bitmoji" value="true" />
    <long name="key_correction_tflite_model_superpacks_manifest_version" value="2020071001" />
    <boolean name="minimize_emoji_category_height" value="false" />
    <long name="max_candidates_to_log_decoder_ids" value="3" />
    <boolean name="log_all_emoji_shares_to_training_cache" value="true" />
    <boolean name="enable_header_featured_pack" value="false" />
    <string name="emoji_compat_app_whitelist">com.facebook.katana,com.facebook.orca,com.google.android.apps.messaging,com.whatsapp</string>
    <boolean name="less_input_connection_calls" value="true" />
    <long name="mwp_min_supported_version" value="20190725" />
    <boolean name="enable_trainer_manager" value="false" />
    <boolean name="tiresias_enable_voice_logging" value="false" />
    <long name="themed_nav_bar_style" value="2" />
    <long name="min_char_num_limit_for_single_word" value="4" />
    <long name="min_cooldown_rejected_feature_header_pack_millis" value="0" />
    <float name="glide_bitmap_pool_screens" value="0.3" />
    <float name="concept_prediction_neutral_triggering_weight" value="1.0" />
    <boolean name="tiresias_brella_in_app_enabled" value="false" />
    <float name="query_prediction_score_threshold" value="0.873" />
    <boolean name="enable_brella_in_app_training" value="false" />
    <long name="dlam_prob_buckets_num" value="10" />
    <boolean name="dlam_training_enabled" value="false" />
    <float name="disable_ac_nearby_substitution_cost" value="0.0" />
    <boolean name="enable_proactive_suggestions" value="true" />
    <boolean name="enable_multilingual_emoji_search" value="true" />
    <long name="native_language_hint_show_notice_max_times" value="3" />
    <string name="country_cutout_switches_fl">US,USA,840,CA,CAN,124,BR,BRA,076,AU,AUS,036,MX,MEX,484,NG,NGA,566,AR,ARG,032,ES,ESP,724,CO,COL,170,PE,PER,604,CL,CHL,152,GT,GTM,320,VE,VEN,862,EC,ECU,218</string>
    <boolean name="enable_expression_content_cache" value="true" />
    <float name="literal_start_penalty_any_autocor_relative_step" value="0.0033333" />
    <boolean name="enable_spacebar_mixed_model" value="false" />
    <boolean name="enable_full_backup_content" value="false" />
    <string name="trainer_registration_superpacks_pack_name"></string>
    <boolean name="enable_core_typing_experience_indicator_on_candidates" value="false" />
    <string name="crank_ranker_supported_language_tags">en</string>
    <long name="expressive_concept_triggering_superpacks_manifest_version" value="2020071922" />
    <string name="delight_overrides_metadata_uri"></string>
    <long name="minimum_bitmoji_content_provider_api_version" value="1064000288" />
    <string name="expressive_stickers_metadata_version">1000027</string>
    <boolean name="enable_email_provider_completion" value="false" />
    <float name="punctuation_prediction_penalty" value="0.8" />
    <boolean name="disable_ac_on_manual_capitalized_words" value="false" />
    <boolean name="skip_try_initialize" value="false" />
    <float name="space_right_sigma_y" value="0.012" />
    <string name="expressive_concept_triggering_supported_language_tags">en</string>
    <boolean name="non_primary_carriage_return" value="false" />
    <string name="conv2query_extension_locales">de,en,es,fr,it,ms,pt,ta</string>
    <string name="dynamic_rate_limit_candidate_types">GIF_SEARCHABLE_TEXT,EXPRESSION_SEARCHABLE_TEXT</string>
    <boolean name="enable_voice_dictation_in_translate" value="false" />
    <boolean name="enable_single_word_predictions_as_inline_from_crank_cifg" value="false" />
    <boolean name="fix_invalid_request_id" value="false" />
    <boolean name="enable_multiword_predictions_from_crank_cifg" value="false" />
    <boolean name="emotion_model_enabled_in_t2e" value="false" />
    <boolean name="enable_soda_ondevice_recognizer" value="true" />
    <boolean name="enable_prioritize_recent_stickers" value="false" />
    <boolean name="enable_sticker_share_usage_histogram" value="true" />
    <boolean name="standalone_training_superpacks_enabled" value="false" />
    <string name="s3_asr_language_tags_list">af,am,ar-ae,ar-bh,ar-dz,ar-eg,ar-iq,ar-ly,ar-ma,ar-mr,ar-om,ar-sa,ar-sd,ar-td,ar-tn,ar-x-levant,ar-ye,az-az,bg,bn-bd,bn-in,bn-latn,bs,ca,ca-xq,cs,da,de-at,de-be,de-ch,de-de,de-lu,el-cy,el-gr,en-au,en-ca,en-gb,en-in,en-ke,en-ng,en-ph,en-us,en-za,es-419,es-ar,es-es,es-mx,es-us,et-ee,eu-es,fa,fi,fr-002,fr-be,fr-ca,fr-ch,fr-fr,gl-es,gu-in,gu-latn,hi-in,hi-latn,hr,hu,hy-am,in,is,it-ch,it-it,iw-il,ja-jp,jv-latn,ka-ge,km-kh,kn-in,kn-latn,ko,lo-la,lt,lv,mk,ml-in,ml-latn,mn-mn,mr-in,mr-latn,ms-bn,ms-my,ms-sg,my,nb,ne-in,ne-latn,ne-np,nl-be,nl-nl,pa-guru,pa-latn,pl,pt-002,pt-ao,pt-br,pt-mo,pt-pt,ro-md,ro-ro,ru-by,ru-kg,ru-ru,si-lk,sk,sl,sq-x-standard,sr-latn-rs,srp-latn-me,su-latn,sv-fi,sv-se,sw,ta-in,ta-latn,ta-lk,ta-sg,te-in,te-latn,th-th,tl,tr-cy,tr-tr,uk,ur-in,ur-latn,ur-pk,uz-latn,vi,zh-cn,zh-hk,zh-tw,zu,be-by,kk</string>
    <boolean name="federatedc2q_conv2query_candidates_enabled" value="true" />
    <boolean name="native_language_hint_by_system_locales" value="false" />
    <string name="multiword_candidate_language_tags">en-US</string>
    <boolean name="enable_handle_bitmoji_for_expression_candidates" value="true" />
    <float name="enable_higher_keyboard_max_system_bottom_gap_inch" value="0.0" />
    <boolean name="enable_handle_concept_for_expression_candidates" value="false" />
    <boolean name="primes_battery_logging_enabled" value="false" />
    <boolean name="show_clipboard_chip" value="true" />
    <string name="lstm_federated_training_population">gboard/language_model/brella/beta</string>
    <float name="gesture_keycenter_offset_weight" value="0.0" />
    <boolean name="default_sticker_tab_open_to_featured_pack" value="false" />
    <string name="country_cutout_switches_trainer_registration_v2"></string>
    <long name="limit_gif_search_query_suggestion" value="0" />
    <boolean name="fast_access_bar_enable_designated_variant" value="true" />
    <boolean name="tiresias_lm_personalization_enabled" value="false" />
    <boolean name="enable_content_suggestion_in_emoji_keyboard" value="true" />
    <boolean name="tv_new_layout_study_enabled" value="false" />
    <long name="max_chars_to_read_before_and_after_cursor" value="60" />
    <float name="fast_access_bar_variant_size_ratio" value="1.5" />
    <boolean name="enable_fake_app_completion" value="false" />
    <float name="triggering_model_threshold" value="0.0" />
    <long name="delight_latest_metadata_version" value="2020062900" />
    <long name="featured_recommendations_max_recommended" value="0" />
    <boolean name="tiresias_language_model_training_enabled" value="false" />
    <boolean name="enable_emoji_to_expression_tappable_ui" value="true" />
    <long name="federatedc2q_models_metadata_version" value="20190827" />
    <float name="threshold_for_single_word_completions" value="-8.0" />
    <boolean name="enable_sponsored_gif_campaign_manager_reporting" value="false" />
    <float name="multiword_threshold_score" value="3.0" />
    <boolean name="enable_normal_password_layout" value="false" />
    <boolean name="enable_auto_submit_fake_app_completion" value="false" />
    <boolean name="enable_candidate_graph_rescoring_model" value="true" />
    <boolean name="enable_inline_suggestions_tooltip" value="false" />
    <boolean name="tiresias_training_log_tf_error_messages" value="true" />
    <boolean name="dynamic_rate_limit_store_impressions_in_preferences" value="true" />
    <long name="tiresias_training_minimum_sessions" value="1" />
    <boolean name="enable_neural_spatial_model" value="true" />
    <long name="emojipickerv2_columns" value="9" />
    <string name="handwriting_superpacks_manifest_url">https://dl.google.com/handwriting/models/handwriting_release.superpack_manifest.20200526.json</string>
    <float name="key_gaussian_height_multiplier_for_spacebar" value="-1.0" />
    <long name="timer_default_sample_rate" value="1000" />
    <long name="concept_prediction_min_supported_version" value="2020032617" />
    <string name="key_locale_cutout_switches_lm">en-US,pt-BR,in-ID,en-AU,es-MX,en-NG,en-CA,es-AR</string>
    <long name="sharing_notice_max_display_times" value="0" />
    <boolean name="enable_prioritize_recent_gifs" value="false" />
    <boolean name="enable_bounding_box_offset" value="false" />
    <string name="__bytes__inline_suggestion_app_to_right_boundary_ratio">Ci0KIWNvbS5nb29nbGUuYW5kcm9pZC5hcHBzLm1lc3NhZ2luZxVmZmY/HQAAQD8KLAogY29tLmdv&#10;b2dsZS5hbmRyb2lkLmFwcHMuZHluYW1pdGUVSOF6Px0zM3M/CiUKF2NvbS5nb29nbGUuYW5kcm9p&#10;ZC50YWxrFUjhej8dMzNzPyAPCh0KEWNvbS5mYWNlYm9vay5vcmNhFZqZWT8dFK5HPwoaCgxjb20u&#10;d2hhdHNhcHAVmplZPx0Urkc/IBIKIwoXY29tLmdvb2dsZS5hdXhlLmNvbXBvc2UVmplZPx2amVk/&#10;CiQKFm9yZy50ZWxlZ3JhbS5tZXNzZW5nZXIVexRuPx2amVk/IBIKIwoVanAubmF2ZXIubGluZS5h&#10;bmRyb2lkFZqZWT8dzcxMPyAP&#10;    </string>
    <string name="tenor_server_url_search_v2">https://tenor.googleapis.com/v2/search</string>
    <string name="metrics_trainer_population">bogusPopulation</string>
    <string name="concept_prediction_superpacks_manifest_url">https://www.gstatic.com/android/keyboard/modelpack/transformer_concept/2020071703/superpacks_manifest.json</string>
    <float name="multiword_gesture_cost" value="5.0" />
    <long name="nwp_min_words_predicted" value="2" />
    <string name="sharing_notice_app_whitelist">com.whatsapp,com.tencent.mm,org.telegram.messenger,com.facebook.orca,com.android.mms,com.google.android.apps.dynamite,com.google.android.apps.messaging,com.google.android.talk,com.google.android.apps.fireball,com.twitter.android,com.snapchat.android,com.verizon.messaging.vzmsgs,com.facebook.katana,com.instagram.android,com.viber.voip,jp.naver.line.android,kik.android,com.bsb.hike,com.bbm,com.skype.raider,com.facebook.lite,com.tinder,com.textra,com.zing.zalo,com.badoo.mobile,com.grindrapp.android,com.imo.android.imoim,ru.ok.android,com.jb.gosms,com.pof.android</string>
    <boolean name="enable_data_file_manager" value="false" />
    <string name="federatedc2q_prediction_model_variant">tflite_glowg_click_20190522</string>
    <float name="gesture_spatial_score_scale_decay_base" value="0.8" />
    <boolean name="enable_emoji_icon_action_color" value="true" />
    <boolean name="enable_bitmoji_sharing_api" value="true" />
    <boolean name="enable_ondevice_recognizer" value="false" />
    <boolean name="enable_keyboard_context" value="false" />
    <boolean name="enable_youtube_ime_private_options_search" value="false" />
    <boolean name="disable_tiresias_input_context_diff" value="false" />
    <string name="featured_browse_sticker_pack_ids_override"></string>
    <boolean name="save_non_prime_keyboard_type" value="true" />
    <long name="autocompletion_disabled_starting_at_length" value="2" />
    <boolean name="enable_open_access_points_at_zero_state" value="true" />
    <long name="num_completions_threshold" value="4" />
    <boolean name="enable_screen_reader_lift_to_type" value="false" />
    <float name="space_left_sigma_y" value="0.01" />
    <boolean name="enable_heuristic_trigger_predictor" value="true" />
    <long name="c2q_pill_popup_max_rate_limit_ms" value="-1702967296" />
    <string name="emotion_model_blacklist"></string>
    <boolean name="show_slowness_report_ui" value="true" />
    <boolean name="emotion_model_enabled_in_gif_tab" value="true" />
    <boolean name="enable_last_word_rule_based_concept_prediction" value="true" />
    <long name="expression_candidates_max_bitmoji_cache_size" value="100" />
    <long name="content_cache_download_task_delay_ms" value="0" />
    <boolean name="enable_surface_view_reparent_improvement" value="false" />
    <float name="ranker_additional_weight_slope_emoji" value="-0.1" />
    <float name="min_screen_height_inch_to_apply_bottom_gap" value="5.6" />
    <float name="default_sample_distance_in_key_widths" value="0.05" />
    <boolean name="enable_translate_request_throttling" value="true" />
    <boolean name="http_client_cronet_enable_async_dns" value="true" />
    <boolean name="enable_assamese_handwriting_layout" value="false" />
    <long name="prediction_branching_limit" value="1" />
    <boolean name="show_clipboard_chip_after_user_opt_in" value="true" />
    <boolean name="enable_autoregressive_model" value="true" />
    <boolean name="enable_emoji_candidate_render_filter" value="true" />
    <boolean name="tiresias_brella_in_app_batch_cancellation_enabled" value="false" />
    <string name="disable_magic_g_rate_limit_locales"></string>
    <string name="c2q_superpacks_manifest_url_ta">https://www.gstatic.com/android/keyboard/conv2query/Z/ta/no-web-search/superpacks_manifest_ta.zip</string>
    <string name="country_cutout_switches_dp">AT,AUT,040,BE,BEL,056,BG,BGR,100,CY,CYP,196,CZ,CZE,203,DE,DEU,276,DK,DNK,208,EE,EST,233,ES,ESP,724,FI,FIN,246,FR,FRA,250,GR,GRC,300,HR,HRV,191,HU,HUN,348,IE,IRL,372,IT,ITA,380,LT,LTU,440,LU,LUX,442,LV,LVA,428,MT,MLT,470,NL,NLD,528,PL,POL,616,PT,PRT,620,RO,ROU,642,SE,SWE,752,SI,SVN,705,SK,SVK,703,GB,GBR,826</string>
    <float name="nsm_spatial_score_scale" value="0.0" />
    <boolean name="http_client_cronet_enable_stale_dns" value="true" />
    <float name="key_correction_default_tap_key_score" value="2.06E-9" />
    <boolean name="hide_reverted_gesture_candidate" value="false" />
    <long name="gesture_spatial_score_scale_decay_mode" value="5" />
    <boolean name="enable_fast_access_bar_auto_add_space" value="true" />
    <string name="tiresias_federated_language_model_prefix">gboard/language_model/</string>
    <long name="tiresias_training_period_seconds" value="3600" />
    <boolean name="enable_fallback_on_s3_connection_failure" value="true" />
    <boolean name="enable_twiddler_multiword_engine" value="false" />
    <string name="sharing_access_point_app_whitelist">com.whatsapp,com.tencent.mm,org.telegram.messenger,com.facebook.orca,com.android.mms,com.google.android.apps.dynamite,com.google.android.apps.messaging,com.google.android.talk,com.google.android.apps.fireball,com.twitter.android,com.snapchat.android,com.verizon.messaging.vzmsgs,com.facebook.katana,com.instagram.android,com.viber.voip,jp.naver.line.android,kik.android,com.bsb.hike,com.bbm,com.skype.raider,com.facebook.lite,com.tinder,com.textra,com.zing.zalo,com.badoo.mobile,com.grindrapp.android,com.imo.android.imoim,ru.ok.android,com.jb.gosms,com.pof.android</string>
    <boolean name="enable_slowness_detect" value="false" />
    <boolean name="federatedc2q_conv2gif_candidates_enabled" value="true" />
    <string name="enable_tenor_sponsored_gif_for_language_tags"></string>
    <long name="c2q_superpacks_manifest_version_en" value="20" />
    <string name="theme_indices_superpacks_manifest_url">https://www.gstatic.com/android/keyboard/modelpack/theme_indices/201903111437/superpacks_manifest.json</string>
    <boolean name="enable_multiword_suggestions" value="false" />
    <float name="dlam_language_identify_prob_threshold" value="0.3" />
    <long name="federatedc2q_training_cache_max_ttl_days" value="63" />
    <boolean name="enable_fallback_art_corpus_to_universal_media" value="false" />
    <string name="scrollable_suggestions_app_whitelist"></string>
    <long name="profiling_clockid" value="2" />
    <float name="gesture_spatial_score_scale_decay_ratio" value="1.0" />
    <boolean name="enable_keyboard_redesign_theme" value="false" />
    <boolean name="emotion_model_enabled" value="true" />
    <boolean name="log_typo_type_metadata" value="true" />
    <long name="clipboard_chip_max_times_to_show" value="0" />
    <boolean name="tiresias_enabled" value="true" />
    <long name="concept_prediction_superpacks_manifest_version" value="2020071703" />
    <long name="max_recommendation_on_browse_page" value="0" />
    <long name="c2q_superpacks_manifest_version_es" value="8" />
    <float name="nwp_local_one_step_threshold" value="-1.38" />
    <string name="nwp_superpacks_manifest_uri">https://www.gstatic.com/android/keyboard/next_word_predictor/superpacks-manifest-20190717.json</string>
    <string name="emoji_superpacks_manifest_url">https://www.gstatic.com/android/keyboard/modelpack/emoji/20190807165503/superpacks_manifest.zip</string>
    <long name="handwriting_superpacks_manifest_version" value="40" />
    <boolean name="add_featured_pack_on_sticker_share" value="false" />
    <boolean name="enable_m2_tenor_autocomplete" value="true" />
    <boolean name="enable_multiword_suggestions_as_inline_from_crank_cifg" value="false" />
    <boolean name="primes_memory_logging_enabled" value="false" />
    <long name="tiresias_personalization_training_period_seconds" value="21600" />
    <float name="sticker_pack_recommendations_shared_packs_weight" value="1.0" />
    <boolean name="dynamic_population_names_enabled" value="false" />
    <boolean name="expression_candidates_allow_bitmoji_cache_network_requests" value="true" />
    <boolean name="enable_frequent_emoji_recent_Tab" value="false" />
    <long name="federatedc2q_training_cache_erasure_period_days" value="63" />
    <boolean name="tiresias_touch_data_enabled" value="false" />
    <float name="key_gaussian_multiplier" value="1.0" />
    <boolean name="enable_m2_gif_horizontal_scroll" value="true" />
    <boolean name="expression_candidates_require_downloaded_bitmoji_images" value="true" />
    <boolean name="enable_voice_clear_button" value="false" />
    <boolean name="enable_concept_candidates" value="false" />
    <boolean name="enable_m2_for_gif_telescoping_search" value="false" />
    <boolean name="standalone_training_enabled" value="false" />
    <string name="enable_tenor_search_v2_for_language_tags">*</string>
    <string name="one_tap_rich_content_suggestion_query_whitelist">☀️,☠️,☹️,☺️,♥️,❄️,❣️,❤️,⭐,🌈,🌍,🌎,🌏,🌛,🌜,🌞,🌟,🌠,🌪️,🌭,🌵,🌷,🌹,🌼,🍍,🎃,🎈,🎉,🎊,🎗️,🐁,🐇,🐈,🐒,🐖,🐙,🐝,🐨,🐭,🐰,🐱,🐵,🐷,🐼,🐽,👀,👁️,👑,👻,👽,👿,💀,💋,💌,💎,💐,💓,💔,💕,💖,💗,💘,💙,💚,💛,💜,💝,💞,💟,💤,💦,💩,💫,💯,🔥,🕳️,🕶️,🖤,😀,😁,😂,😃,😄,😅,😆,😇,😈,😉,😊,😋,😌,😍,😎,😏,😐,😑,😒,😓,😔,😕,😖,😗,😘,😙,😚,😛,😜,😝,😞,😟,😠,😡,😢,😣,😤,😥,😦,😧,😨,😩,😪,😫,😬,😭,😮,😯,😰,😱,😲,😳,😴,😵,😶,😷,😸,😹,😺,😻,😼,😽,😾,😿,🙀,🙁,🙂,🙃,🙄,🙈,🙉,🙊,🤍,🤎,🤐,🤑,🤒,🤓,🤔,🤕,🤖,🤗,🤠,🤡,🤢,🤣,🤤,🤥,🤧,🤨,🤩,🤪,🤫,🤬,🤭,🤮,🤯,🥰,🥱,🥳,🥴,🥵,🥶,🥺,🦇,🦌,🦍,🦔,🦙,🦥,🧁,🧐,🧡</string>
    <boolean name="unload_dynamic_lm_synchronously" value="false" />
    <boolean name="enable_matched_predictions_as_inline_from_crank_cifg" value="false" />
    <string name="c2q_superpacks_manifest_url_zh_cn"></string>
    <string name="fast_access_bar_default_emojis">😂,😀,😎,😭,❤️,🔥,🎉,🙏,👍</string>
    <boolean name="use_tenor_featured_endpoint_for_content_cache_mapping" value="true" />
    <boolean name="training_cache_enable_storage_adapter_v2" value="true" />
    <long name="nwp_min_supported_version" value="20190717" />
    <float name="fraction_time_ratio_threshold" value="0.0" />
    <boolean name="enable_filter_image_search_results" value="true" />
    <boolean name="enable_oov_deduplication" value="false" />
    <boolean name="less_input_connection_calls_3456" value="true" />
    <long name="content_suggestion_metadata_ui_timeout_ms" value="2000" />
    <boolean name="enable_rotate_fake_app_completion" value="true" />
    <boolean name="phenotype_flag_pushed" value="false" />
    <long name="s3_connection_timeout" value="5000" />
    <boolean name="bcp_names_enabled" value="false" />
    <float name="concept_prediction_incomplete_sentence_score_weight" value="1.0" />
    <boolean name="enable_popup_view_v2" value="false" />
    <long name="max_words_predicted" value="3" />
    <float name="gesture_transposition_cost" value="0.0" />
    <boolean name="deprecate_search" value="false" />
    <long name="nwp_max_words_predicted" value="3" />
    <string name="mozc_superpacks_japanese_language_model_url">https://www.gstatic.com/android/keyboard/mozcpack/mozcdata/2019072201/metadata.json</string>
    <boolean name="enable_key_border_by_default" value="true" />
    <long name="tiresias_registration_interval_seconds" value="14400" />
    <long name="tiresias_max_ttl_days" value="63" />
    <string name="nwp_sanity_check_eval_superpacks_manifest_url"></string>
    <long name="ngram_language_switching_num_words_used" value="0" />
    <boolean name="enable_single_word_suggestions_as_inline_from_crank_cifg" value="false" />
    <long name="expression_candidates_max_bitmoji_images_per_query" value="4" />
    <float name="sticker_pack_recommendations_favorited_packs_weight" value="1.0" />
    <string name="__bytes__touch_center_adaptation_settings"></string>
    <boolean name="disable_multiword_autocompletion" value="true" />
    <string name="maestro_system_locale_whitelist">en</string>
    <string name="enable_tenor_category_v2_for_language_tags">ar,de,en,es,fr,hi,hu,id,it,ja,ko,ms,nl,pt,ru,th,tr,vi,zh-CN,zh-TW</string>
    <long name="search_hint_start_delay_hours_from_last_click" value="168" />
    <long name="c2q_superpacks_manifest_version_de" value="5" />
    <long name="theme_indices_superpacks_manifest_version" value="1" />
    <float name="language_kernel_param" value="0.25" />
    <long name="delight_latest_overrides_metadata_version" value="-1" />
    <boolean name="enable_whatsapp_sticker_webp" value="true" />
    <long name="search_hint_start_delay_hours_new_user" value="168" />
    <float name="concept_prediction_triggering_threshold" value="0.61" />
    <float name="angle_threshold" value="0.0" />
    <long name="content_cache_cached_images_ttl_hours" value="336" />
    <float name="key_gaussian_width_multiplier" value="1.1" />
    <string name="__bytes__urgent_signals">COnh7ZYBEgIIARKrHQgBEjwIBRIFYm5fQkQaMQoV4Kam4KeB4Kan4KaX4KeB4Kay4KeLChjgprjg&#10;p43gpqTgpqjgpqbgp4Hgpp/gp4sSPAgFEgVibl9JThoxChXgpqbgp4Hgpqfgppfgp4HgprLgp4sK&#10;GOCmuOCnjeCmpOCmqOCmpuCngeCmn+CnixIlCAUSAmRhGh0KB2tuZXBwZXQKDW3DpnJrZWxpZyBz&#10;ZXgKA3BpaxLRAggFEgVlbl9BVRrFAgoMYmlzZXh1YWwgbWVuChJiaXNleHVhbCB0aHJlZXNvbWUK&#10;CmJsYWNrIGRpY2sKBGNvY2sKC2N1bm5pbGluZ3VzCgdmZWxsYXRlCghmZWxsYXRlZAoIZmVsbGF0&#10;aW8KDWdvbGRlbiBzaG93ZXIKD2ludG8gYmxhY2sgZ3V5cwoJbGFwIGRhbmNlCg1sZXNiaWFuIGJh&#10;YmVzCg1sZXNiaWFuIGdpcmxzCg1sZXNiaWFuIHRlZW5zCgVuaWdnYQoGbmlnZ2VyCgRvcmFsCg1y&#10;YWRpY2FsIGlzbGFtCg9yYWRpY2FsIGlzbGFtaWMKDnNpdCBvbiBteSBmYWNlCg1zaXQgb24gbXkg&#10;bGFwChBzaXQgb24geW91ciBmYWNlCg9zaXQgb24geW91ciBsYXAKCnN0aWZmIGNvY2sKCnN0aWZm&#10;IGRpY2sS0QIIBRIFZW5fQ0EaxQIKDGJpc2V4dWFsIG1lbgoSYmlzZXh1YWwgdGhyZWVzb21lCgpi&#10;bGFjayBkaWNrCgRjb2NrCgtjdW5uaWxpbmd1cwoHZmVsbGF0ZQoIZmVsbGF0ZWQKCGZlbGxhdGlv&#10;Cg1nb2xkZW4gc2hvd2VyCg9pbnRvIGJsYWNrIGd1eXMKCWxhcCBkYW5jZQoNbGVzYmlhbiBiYWJl&#10;cwoNbGVzYmlhbiBnaXJscwoNbGVzYmlhbiB0ZWVucwoFbmlnZ2EKBm5pZ2dlcgoEb3JhbAoNcmFk&#10;aWNhbCBpc2xhbQoPcmFkaWNhbCBpc2xhbWljCg5zaXQgb24gbXkgZmFjZQoNc2l0IG9uIG15IGxh&#10;cAoQc2l0IG9uIHlvdXIgZmFjZQoPc2l0IG9uIHlvdXIgbGFwCgpzdGlmZiBjb2NrCgpzdGlmZiBk&#10;aWNrEtECCAUSBWVuX0dCGsUCCgxiaXNleHVhbCBtZW4KEmJpc2V4dWFsIHRocmVlc29tZQoKYmxh&#10;Y2sgZGljawoEY29jawoLY3VubmlsaW5ndXMKB2ZlbGxhdGUKCGZlbGxhdGVkCghmZWxsYXRpbwoN&#10;Z29sZGVuIHNob3dlcgoPaW50byBibGFjayBndXlzCglsYXAgZGFuY2UKDWxlc2JpYW4gYmFiZXMK&#10;DWxlc2JpYW4gZ2lybHMKDWxlc2JpYW4gdGVlbnMKBW5pZ2dhCgZuaWdnZXIKBG9yYWwKDXJhZGlj&#10;YWwgaXNsYW0KD3JhZGljYWwgaXNsYW1pYwoOc2l0IG9uIG15IGZhY2UKDXNpdCBvbiBteSBsYXAK&#10;EHNpdCBvbiB5b3VyIGZhY2UKD3NpdCBvbiB5b3VyIGxhcAoKc3RpZmYgY29jawoKc3RpZmYgZGlj&#10;axLrAggFEgVlbl9JThrfAgoMYmlzZXh1YWwgbWVuChJiaXNleHVhbCB0aHJlZXNvbWUKCmJsYWNr&#10;IGRpY2sKBWNob290CgRjaHV0CgRjb2NrCgtjdW5uaWxpbmd1cwoHZmVsbGF0ZQoIZmVsbGF0ZWQK&#10;CGZlbGxhdGlvCgVnYWFuZAoEZ2FuZAoNZ29sZGVuIHNob3dlcgoPaW50byBibGFjayBndXlzCgls&#10;YXAgZGFuY2UKDWxlc2JpYW4gYmFiZXMKDWxlc2JpYW4gZ2lybHMKDWxlc2JpYW4gdGVlbnMKBW5p&#10;Z2dhCgZuaWdnZXIKBG9yYWwKDXJhZGljYWwgaXNsYW0KD3JhZGljYWwgaXNsYW1pYwoOc2l0IG9u&#10;IG15IGZhY2UKDXNpdCBvbiBteSBsYXAKEHNpdCBvbiB5b3VyIGZhY2UKD3NpdCBvbiB5b3VyIGxh&#10;cAoKc3RpZmYgY29jawoKc3RpZmYgZGljaxLRAggFEgVlbl9LRRrFAgoMYmlzZXh1YWwgbWVuChJi&#10;aXNleHVhbCB0aHJlZXNvbWUKCmJsYWNrIGRpY2sKBGNvY2sKC2N1bm5pbGluZ3VzCgdmZWxsYXRl&#10;CghmZWxsYXRlZAoIZmVsbGF0aW8KDWdvbGRlbiBzaG93ZXIKD2ludG8gYmxhY2sgZ3V5cwoJbGFw&#10;IGRhbmNlCg1sZXNiaWFuIGJhYmVzCg1sZXNiaWFuIGdpcmxzCg1sZXNiaWFuIHRlZW5zCgVuaWdn&#10;YQoGbmlnZ2VyCgRvcmFsCg1yYWRpY2FsIGlzbGFtCg9yYWRpY2FsIGlzbGFtaWMKDnNpdCBvbiBt&#10;eSBmYWNlCg1zaXQgb24gbXkgbGFwChBzaXQgb24geW91ciBmYWNlCg9zaXQgb24geW91ciBsYXAK&#10;CnN0aWZmIGNvY2sKCnN0aWZmIGRpY2sS0QIIBRIFZW5fTkcaxQIKDGJpc2V4dWFsIG1lbgoSYmlz&#10;ZXh1YWwgdGhyZWVzb21lCgpibGFjayBkaWNrCgRjb2NrCgtjdW5uaWxpbmd1cwoHZmVsbGF0ZQoI&#10;ZmVsbGF0ZWQKCGZlbGxhdGlvCg1nb2xkZW4gc2hvd2VyCg9pbnRvIGJsYWNrIGd1eXMKCWxhcCBk&#10;YW5jZQoNbGVzYmlhbiBiYWJlcwoNbGVzYmlhbiBnaXJscwoNbGVzYmlhbiB0ZWVucwoFbmlnZ2EK&#10;Bm5pZ2dlcgoEb3JhbAoNcmFkaWNhbCBpc2xhbQoPcmFkaWNhbCBpc2xhbWljCg5zaXQgb24gbXkg&#10;ZmFjZQoNc2l0IG9uIG15IGxhcAoQc2l0IG9uIHlvdXIgZmFjZQoPc2l0IG9uIHlvdXIgbGFwCgpz&#10;dGlmZiBjb2NrCgpzdGlmZiBkaWNrEtECCAUSBWVuX1BIGsUCCgxiaXNleHVhbCBtZW4KEmJpc2V4&#10;dWFsIHRocmVlc29tZQoKYmxhY2sgZGljawoEY29jawoLY3VubmlsaW5ndXMKB2ZlbGxhdGUKCGZl&#10;bGxhdGVkCghmZWxsYXRpbwoNZ29sZGVuIHNob3dlcgoPaW50byBibGFjayBndXlzCglsYXAgZGFu&#10;Y2UKDWxlc2JpYW4gYmFiZXMKDWxlc2JpYW4gZ2lybHMKDWxlc2JpYW4gdGVlbnMKBW5pZ2dhCgZu&#10;aWdnZXIKBG9yYWwKDXJhZGljYWwgaXNsYW0KD3JhZGljYWwgaXNsYW1pYwoOc2l0IG9uIG15IGZh&#10;Y2UKDXNpdCBvbiBteSBsYXAKEHNpdCBvbiB5b3VyIGZhY2UKD3NpdCBvbiB5b3VyIGxhcAoKc3Rp&#10;ZmYgY29jawoKc3RpZmYgZGljaxLrAggFEgVlbl9VUxrfAgoMYmlzZXh1YWwgbWVuChJiaXNleHVh&#10;bCB0aHJlZXNvbWUKCmJsYWNrIGRpY2sKBGNvY2sKC2N1bm5pbGluZ3VzCgdmZWxsYXRlCghmZWxs&#10;YXRlZAoIZmVsbGF0aW8KGGdsb2JhbCB3YXJtaW5nIGlzIGEgaG9heAoNZ29sZGVuIHNob3dlcgoP&#10;aW50byBibGFjayBndXlzCglsYXAgZGFuY2UKDWxlc2JpYW4gYmFiZXMKDWxlc2JpYW4gZ2lybHMK&#10;DWxlc2JpYW4gdGVlbnMKBW5pZ2dhCgZuaWdnZXIKBG9yYWwKDXJhZGljYWwgaXNsYW0KD3JhZGlj&#10;YWwgaXNsYW1pYwoOc2l0IG9uIG15IGZhY2UKDXNpdCBvbiBteSBsYXAKEHNpdCBvbiB5b3VyIGZh&#10;Y2UKD3NpdCBvbiB5b3VyIGxhcAoKc3RpZmYgY29jawoKc3RpZmYgZGljaxLRAggFEgVlbl9aQRrF&#10;AgoMYmlzZXh1YWwgbWVuChJiaXNleHVhbCB0aHJlZXNvbWUKCmJsYWNrIGRpY2sKBGNvY2sKC2N1&#10;bm5pbGluZ3VzCgdmZWxsYXRlCghmZWxsYXRlZAoIZmVsbGF0aW8KDWdvbGRlbiBzaG93ZXIKD2lu&#10;dG8gYmxhY2sgZ3V5cwoJbGFwIGRhbmNlCg1sZXNiaWFuIGJhYmVzCg1sZXNiaWFuIGdpcmxzCg1s&#10;ZXNiaWFuIHRlZW5zCgVuaWdnYQoGbmlnZ2VyCgRvcmFsCg1yYWRpY2FsIGlzbGFtCg9yYWRpY2Fs&#10;IGlzbGFtaWMKDnNpdCBvbiBteSBmYWNlCg1zaXQgb24gbXkgbGFwChBzaXQgb24geW91ciBmYWNl&#10;Cg9zaXQgb24geW91ciBsYXAKCnN0aWZmIGNvY2sKCnN0aWZmIGRpY2sSQggFEgZlc180MTkaNgoQ&#10;Y3VyYXMgYWJ1c2Fkb3JlcwoQY3VyYXMgcGVkZXJhc3RhcwoQY3VyYXMgcGVkw7NmaWxvcxJBCAUS&#10;BWVzX0FSGjYKEGN1cmFzIGFidXNhZG9yZXMKEGN1cmFzIHBlZGVyYXN0YXMKEGN1cmFzIHBlZMOz&#10;Zmlsb3MSQQgFEgVlc19FUxo2ChBjdXJhcyBhYnVzYWRvcmVzChBjdXJhcyBwZWRlcmFzdGFzChBj&#10;dXJhcyBwZWTDs2ZpbG9zEkEIBRIFZXNfTVgaNgoQY3VyYXMgYWJ1c2Fkb3JlcwoQY3VyYXMgcGVk&#10;ZXJhc3RhcwoQY3VyYXMgcGVkw7NmaWxvcxJBCAUSBWVzX1VTGjYKEGN1cmFzIGFidXNhZG9yZXMK&#10;EGN1cmFzIHBlZGVyYXN0YXMKEGN1cmFzIHBlZMOzZmlsb3MSFQgFEgJochoNCgt1YmlqIHBlZGVy&#10;YRIeCAUSAmluGhYKCmZvdG8gYnVnaWwKCGZvdG8gaG90Eh0IBRICaXcaFQoT16TXoNeV15nXlCDX&#10;nNeh16fXoRIhCAUSAnBsGhkKBWt1cnd5CgRuYWdvCgVwb3JubwoDc2V4EhMIBRIFcm9fUk8aCAoG&#10;ZnV0dXRl&#10;    </string>
    <string name="app_completions"></string>
    <boolean name="glide_use_async_url_loader" value="true" />
    <boolean name="native_language_hint_by_sim_country" value="false" />
    <boolean name="enable_tenor_autocomplete_trending_type" value="true" />
    <string name="agsa_link_suggestion_mapping"></string>
    <long name="hmm_superpacks_manifest_version" value="2019053107" />
    <long name="profiling_freq_ms_parse_input_context" value="0" />
    <float name="gesture_end_key_align_score_scale" value="1.0" />
    <long name="sticker_pack_similarity_superpacks_manifest_version" value="2020010921" />
    <boolean name="animate_first_content_suggestion_results" value="true" />
    <string name="expressive_stickers_http_base_url"></string>
    <boolean name="enable_voice_ellipsis" value="false" />
    <boolean name="enable_permission_overlay" value="true" />
    <long name="profiling_freq_ms_decode_touch" value="0" />
    <boolean name="enable_auto_float_keyboard_in_landscape" value="false" />
    <string name="expressive_stickers_api_key">AIzaSyBPSAFlv3zpgK1jCJhlmNwl9NoAuhL-AKc</string>
    <boolean name="enable_user_history_predictions_as_inline_from_crank_cifg" value="false" />
    <boolean name="enable_search_hint_in_gsa" value="false" />
    <long name="learning_rate_for_selected_suggestion" value="1" />
    <boolean name="enable_zero_state_candidates" value="false" />
    <string name="featured_category_sticker_pack_id_override"></string>
    <float name="ranker_additional_weight_intercept_emoji" value="0.3" />
    <boolean name="enable_romanized_indic_voice_promo" value="false" />
    <long name="concept_prediction_num_predictions" value="3" />
    <boolean name="enable_tenor_zwieback_logging" value="false" />
    <boolean name="preload_sticker_pack_similarity" value="false" />
    <boolean name="enable_multiword_predictions" value="false" />
    <boolean name="enable_migration" value="true" />
    <boolean name="enable_handwriting_lstm" value="true" />
    <string name="emoji_predictor_supported_language_tags">en</string>
    <boolean name="fast_typing_freeze_candidates" value="false" />
    <string name="app_completion_whitelist">com.google.android.apps.maps*,com.google.android.apps.gmm*,com.google.android.googlequicksearchbox*,com.google.android.apps.nexuslauncher*</string>
    <long name="disable_ac_capitalized_char_num_threshold" value="0" />
    <float name="spatial_kernel_param" value="4.0" />
    <float name="default_gesture_spatial_score_scale" value="0.8" />
    <boolean name="enable_voice_in_korean" value="true" />
    <boolean name="enable_get_bitmoji_card" value="false" />
    <long name="profiling_freq_ms_decode_gesture" value="0" />
    <boolean name="enable_matrializer_manager" value="false" />
    <float name="emotion_model_triggering_threshold" value="0.05" />
    <boolean name="enable_voice_in_chinese" value="true" />
    <long name="training_process_termination_interval_millis" value="7200000" />
    <long name="user_history_learning_strategies" value="0" />
    <boolean name="load_dynamic_lm_synchronously" value="false" />
    <boolean name="enable_voice_in_handwriting" value="true" />
    <string name="s3_experiment_recognizer_routing_key"></string>
    <boolean name="disable_secondary_lms_in_gsa" value="false" />
    <boolean name="enable_device_intelligence" value="false" />
    <boolean name="enable_show_disabled_mic" value="true" />
    <float name="ranker_additional_penalty_decoder_static_lm_candidates" value="-4.0" />
    <long name="c2q_superpacks_manifest_version_zh_tw" value="0" />
    <boolean name="fast_access_bar_internal_dialog_enabled" value="false" />
    <string name="federatedc2q_models_metadata_uri">https://www.gstatic.com/android/keyboard/modelpack/federatedc2q/superpacks_manifest_20190827.json</string>
    <boolean name="randomize_order_of_content_suggestions_from_content_cache" value="true" />
    <long name="keycenter_sample_size" value="0" />
    <float name="sticker_pack_recommendations_score_threshold" value="0.0" />
    <boolean name="phenotype_based_fl_status" value="false" />
    <boolean name="enable_multiword_suggestions_from_crank_transformer" value="false" />
    <long name="mwp_context_length_threshold" value="1" />
    <boolean name="enable_crank_for_primary_locale_in_multilingual" value="false" />
    <boolean name="enable_content_suggestion_metadata_network_requests" value="true" />
    <boolean name="enable_crank_for_first_supported_locale_in_multilingual" value="false" />
    <long name="max_oov_candidate_count" value="-1" />
    <boolean name="enable_contextual_gif_search_query_suggestion" value="false" />
    <string name="tiresias_language_model_federated_training_population"></string>
    <float name="dominate_threshold_for_single_word_predictions" value="-0.69315" />
    <long name="globe_key_ignore_time_interval" value="500" />
    <boolean name="enable_concept_prediction_engine" value="true" />
    <string name="expressive_concept_superpacks_manifest_url">https://www.gstatic.com/android/keyboard/modelpack/expressive_concepts/2020031023/superpacks_manifest.json</string>
    <boolean name="enable_candidate_animation" value="false" />
</map>
